{
  "kori": {
    "low": 0.00217,
    "high": 0.00355,
    "chat_id": 8451137547
  },
  "manyu": {
    "low": 1.192e-08,
    "high": 1.294e-08,
    "chat_id": 8451137547
  }
}